duplicated,key,Origin,English (en),Font,Vietnamese (vi),Font,RichText
FALSE,story_title_0001,CHAPTER 1: THE DISTANT CITY,CHAPTER 1: THE DISTANT CITY,RobotoSemi-Bold SDF,PHẦN 1: THÀNH PHỐ XA LẠ,RobotoSemi-Bold SDF,
FALSE,story_detail_0001,"This city is not my hometown. It is vast, dazzling, and never stops moving, like a grand play being performed every day. Skyscrapers glitter with neon lights, streets are filled with the hum of luxury cars, and shopping malls are never empty. In the city center, where the wealthy reside, people spend money as if it were their birthright. Lavish parties, designer clothes, and expensive cars flash past as if time itself isn’t fast enough for them.  

But this city has another face. The further you move away from the center, the dimmer the lights become, replaced by dark alleys, aging apartment buildings, and people struggling to get through each day. Dreams here are not for everyone. Those with money live like kings, while those without it cling to meager jobs just to survive. This city blooms for the rich, but for the poor, it only offers exhaustion, sleepless nights, and an endless cycle of worries.  

I live in a forgotten corner of this city, in a small rented room at the end of a narrow alley. It is barely ten square meters, with peeling walls and a tiny window that only shows the blank face of another building. There’s nothing valuable inside: a creaky single bed, an old wooden table I salvaged from a junkyard, and a cheap electric stove where I cook the simplest meals. I leave early in the morning and only return when the city is already asleep. At night, I lie on my stiff mattress, listening to the distant roar of engines, the muffled arguments from the room next door, and sometimes, the soft patter of rain against the tin roof.  

On nights like these, loneliness is impossible to ignore. When everything quiets down, I have nothing to distract myself with—nothing to keep me from the emptiness gnawing inside. I close my eyes, trying to sleep, but faint images flicker in my mind.  

A small house, the place where I grew up. My mother’s gentle voice calling me to dinner. But even back then, I was too young to realize that her smiles didn’t always mean happiness. Then, the image of him—my father. A man who could provide, but who saw household duties as worthless. A man who demanded obedience, who never once appreciated my mother’s sacrifices.  

The memories I wish I could erase come flooding back: shattered dishes on the floor, angry shouting, my mother’s muffled sobs from the kitchen. And the times he raised his hand—without hesitation. I can’t recall how many nights my mother and I huddled together in a corner, waiting for his rage to subside. But no matter how afraid I was, what I hated the most was my own helplessness. I hated being silent. I hated waiting. I hated that I couldn’t do anything to change it.  

Maybe that’s why I left. Not to run away, but to find a life where I could make my own choices. A place where I wouldn’t have to bow my head or live in fear.  

And then, there’s another face. A girl. She appears in my memories like a fractured dream—scattered fragments of a past I can’t fully grasp. A soft smile. A familiar voice. A pair of eyes that once looked at me with pure sincerity but now belong to a world I can no longer reach.  

I don’t know how much longer I can live like this. I don’t know when I’ll finally break free from this endless cycle. But I do know one thing—no matter how difficult life gets, I can’t give up. Even though I don’t yet know what I want, I believe something is waiting for me ahead. A dream still undefined, a path still hidden, and I refuse to let myself be swept away by this city forever.
","This city is not my hometown. It is vast, dazzling, and never stops moving, like a grand play being performed every day. Skyscrapers glitter with neon lights, streets are filled with the hum of luxury cars, and shopping malls are never empty. In the city center, where the wealthy reside, people spend money as if it were their birthright. Lavish parties, designer clothes, and expensive cars flash past as if time itself isn’t fast enough for them.  

But this city has another face. The further you move away from the center, the dimmer the lights become, replaced by dark alleys, aging apartment buildings, and people struggling to get through each day. Dreams here are not for everyone. Those with money live like kings, while those without it cling to meager jobs just to survive. This city blooms for the rich, but for the poor, it only offers exhaustion, sleepless nights, and an endless cycle of worries.  

I live in a forgotten corner of this city, in a small rented room at the end of a narrow alley. It is barely ten square meters, with peeling walls and a tiny window that only shows the blank face of another building. There’s nothing valuable inside: a creaky single bed, an old wooden table I salvaged from a junkyard, and a cheap electric stove where I cook the simplest meals. I leave early in the morning and only return when the city is already asleep. At night, I lie on my stiff mattress, listening to the distant roar of engines, the muffled arguments from the room next door, and sometimes, the soft patter of rain against the tin roof.  

On nights like these, loneliness is impossible to ignore. When everything quiets down, I have nothing to distract myself with—nothing to keep me from the emptiness gnawing inside. I close my eyes, trying to sleep, but faint images flicker in my mind.  

A small house, the place where I grew up. My mother’s gentle voice calling me to dinner. But even back then, I was too young to realize that her smiles didn’t always mean happiness. Then, the image of him—my father. A man who could provide, but who saw household duties as worthless. A man who demanded obedience, who never once appreciated my mother’s sacrifices.  

The memories I wish I could erase come flooding back: shattered dishes on the floor, angry shouting, my mother’s muffled sobs from the kitchen. And the times he raised his hand—without hesitation. I can’t recall how many nights my mother and I huddled together in a corner, waiting for his rage to subside. But no matter how afraid I was, what I hated the most was my own helplessness. I hated being silent. I hated waiting. I hated that I couldn’t do anything to change it.  

Maybe that’s why I left. Not to run away, but to find a life where I could make my own choices. A place where I wouldn’t have to bow my head or live in fear.  

And then, there’s another face. A girl. She appears in my memories like a fractured dream—scattered fragments of a past I can’t fully grasp. A soft smile. A familiar voice. A pair of eyes that once looked at me with pure sincerity but now belong to a world I can no longer reach.  

I don’t know how much longer I can live like this. I don’t know when I’ll finally break free from this endless cycle. But I do know one thing—no matter how difficult life gets, I can’t give up. Even though I don’t yet know what I want, I believe something is waiting for me ahead. A dream still undefined, a path still hidden, and I refuse to let myself be swept away by this city forever.
",Roboto-Regular SDF,"Thành phố này không phải là quê hương của tôi. Nó rộng lớn, rực rỡ và luôn chuyển động không ngừng, như một vở kịch xa hoa được trình diễn mỗi ngày. Những tòa nhà chọc trời lấp lánh ánh đèn, những con đường phủ đầy ánh sáng neon, và những trung tâm thương mại lúc nào cũng đông đúc người ra vào. Ở những khu trung tâm, nơi giới thượng lưu lui tới, người ta tiêu tiền như một cách để khẳng định địa vị. Những bữa tiệc sang trọng, những bộ trang phục hàng hiệu, những chiếc xe hơi bóng loáng vụt qua như thể thời gian chẳng bao giờ đủ để họ chậm lại.  

Nhưng thành phố này cũng có một bộ mặt khác. Càng xa trung tâm, ánh đèn càng nhạt dần, nhường chỗ cho những con hẻm tối tăm, những khu nhà cũ kỹ và những cuộc đời đang chật vật từng ngày. Ở đây, giấc mơ không dành cho tất cả. Ai có tiền thì sống như những ông hoàng, còn ai không có gì thì chỉ có thể bám víu vào những công việc bạc bẽo để tồn tại. Thành phố này rực rỡ với người giàu, nhưng với kẻ nghèo, nó chỉ toàn những giấc ngủ vội vã, những đồng tiền ít ỏi và nỗi lo lắng không bao giờ chấm dứt.  

Tôi sống ở một góc khuất của thành phố này, trong một căn phòng trọ nhỏ nằm cuối một con hẻm sâu. Nó không rộng hơn mười mét vuông, với những bức tường bong tróc và một cửa sổ nhỏ nhìn ra bức tường của tòa nhà đối diện. Đồ đạc trong phòng chẳng có gì đáng giá: một chiếc giường đơn ọp ẹp, một cái bàn gỗ cũ kỹ mà tôi nhặt được từ một bãi rác, và một cái bếp điện rẻ tiền mà tôi dùng để nấu những bữa ăn đơn giản nhất có thể. Ban ngày, tôi rời khỏi đây từ sớm và chỉ trở về khi thành phố đã chìm vào màn đêm. Ban đêm, tôi nằm trên chiếc giường cứng, nghe tiếng động cơ xe xa xa, tiếng cãi vã từ căn phòng bên cạnh, và đôi khi là cả tiếng mưa rơi lộp bộp trên mái tôn.  

Những đêm như thế, sự cô đơn trở nên rõ ràng hơn bao giờ hết. Khi mọi thứ trở nên tĩnh lặng, tôi không còn gì để bận rộn, cũng không còn cách nào để trốn tránh cảm giác trống rỗng đang gặm nhấm mình từ bên trong. Tôi nhắm mắt, cố gắng ngủ, nhưng những hình ảnh mờ nhạt lại hiện lên trong tâm trí.  

Một mái nhà nhỏ, nơi tôi từng lớn lên. Giọng nói của mẹ dịu dàng gọi tôi về ăn cơm. Nhưng lúc đó, tôi còn quá nhỏ để hiểu rằng nụ cười của bà không phải lúc nào cũng thật sự hạnh phúc. Và rồi hình ảnh người đàn ông đó – cha tôi. Một người đàn ông có thể kiếm tiền nhưng lại xem việc chăm sóc gia đình là nghĩa vụ hèn kém. Ông ta gia trưởng, lạnh lùng, và chưa từng coi trọng mẹ tôi dù bà đã hy sinh cả cuộc đời để vun vén cho gia đình này.  

Những ký ức không mong muốn ùa về: tiếng chén đĩa vỡ tan trên sàn nhà, tiếng la hét đầy giận dữ, tiếng khóc nghẹn ngào của mẹ trong góc bếp. Và những lần ông ta vung tay lên, không chút do dự. Tôi không nhớ bao nhiêu lần mẹ con tôi đã ôm nhau, co ro trong góc nhà, chờ cơn thịnh nộ của ông ta nguội đi. Nhưng dù có sợ hãi đến đâu, tôi vẫn ghét nhất cảm giác bất lực của chính mình khi còn nhỏ. Tôi ghét việc phải im lặng, phải chờ đợi. Tôi ghét việc bản thân không thể làm gì để thay đổi.  

Có lẽ, đó chính là lý do tôi rời đi. Không phải để chạy trốn, mà là để tìm một cuộc sống mà tôi có thể tự quyết định. Một nơi mà tôi không phải cúi đầu chịu đựng hay sợ hãi.  

Và rồi có một khuôn mặt khác. Một người con gái. Cô ấy hiện lên trong ký ức như một giấc mơ vụn vỡ – những mảnh ghép lộn xộn của những ngày tháng cũ. Một nụ cười dịu dàng. Một giọng nói quen thuộc. Một đôi mắt từng nhìn tôi bằng tất cả sự chân thành, nhưng giờ đây đã thuộc về một thế giới mà tôi không còn chạm tới được nữa.  

Tôi không biết mình có thể sống như thế này bao lâu nữa. Tôi không biết khi nào mình sẽ đủ sức để bước ra khỏi cái vòng lặp này. Nhưng tôi biết rằng, dù cuộc sống có khó khăn thế nào, tôi vẫn không thể từ bỏ. Bởi dù tôi chưa biết mình muốn gì, tôi vẫn tin rằng có một điều gì đó đang chờ đợi tôi phía trước. Một giấc mơ vẫn chưa thành hình, một con đường vẫn còn ẩn giấu, và tôi không thể để bản thân bị cuốn trôi theo dòng chảy của thành phố này mãi mãi.
",Roboto-Regular SDF,
FALSE,story_title_0002,CHAPTER 2: A FRAGILE LINE,CHAPTER 2: A FRAGILE LINE,RobotoSemi-Bold SDF,PHẦN 2: RANH GIỚI SINH TỬ,RobotoSemi-Bold SDF,
FALSE,story_detail_0002,"That night, the city refused to sleep. The streets were bathed in pale yellow lights, car horns echoed through the hurried crowds. I had just finished my night shift at a small roadside eatery, my hands still stained with the scent of oil, my body heavy after a long day. My old motorbike rattled beneath me as I turned onto the main road, where the shadows of high-rise buildings stretched across the pavement, streaked with neon reflections.
I thought, just fifteen more minutes, and I’d be home—back in my tiny rented room. In my coat pocket, the thin envelope holding my paycheck was still warm. It wasn’t much, just enough to scrape by for another month. But this time, I had a plan. I would buy a new motorbike—not something fancy, just strong and reliable enough so I could start working night shifts as a delivery driver.
I’d been thinking about it for a long time. The rusted bike beneath me was on its last legs. One more breakdown and it wouldn’t run anymore. It couldn’t handle the long routes, the late-night orders, or the freezing rains. But with a better bike, I could do more. Earn more. Save more. Maybe… breathe a little easier.
I had imagined it countless times—riding through the city every night on a new bike, picking up passengers, delivering food, sometimes stopping at a roadside stand for a glass of iced tea, cheap earbuds playing music as I dreamed of the future. I had started to believe that if I just pushed a little harder, things would eventually get better. But then… I remembered nothing after that.
Crash!
A blinding headlight shot out from the corner of the road. I only felt a violent impact, then my entire body was thrown off the bike. My head spun, pain stabbed through me like something had pierced deep into my flesh. I wasn’t sure how I hit the ground—only that the pavement was icy cold, and a warm liquid oozed from somewhere in my body, spreading over the dark asphalt.
Am I… going to die here?
The sounds around me became distorted, fading away as if I were slipping out of this world. My vision blurred, darkness swallowing the edges, until only one voice broke through—deep and hoarse, from an unfamiliar man.
“He’s still breathing…! Call an ambulance!”
When I opened my eyes again, I was no longer on the street. The space around me was blinding white, a sharp antiseptic smell filled my nose. A crushing heaviness weighed down on my body, like I had just emerged from a nightmare that had lasted far too long.
Where am I?
I tried to move, but a jolt of pain shot through my arm and knee, forcing out a weak groan. My eyelids felt like lead, and it took a while for me to realize—this is a hospital. The steady beep-beep of a heart monitor echoed in my ear, a subtle reminder that I was still alive. But beside me, there was no one. No family. No one waiting for me to wake up.
Once again, the weight of loneliness wrapped around me like a cold blanket in the night. I didn’t know how long I had been unconscious. I didn’t know who brought me here. But one thing was certain: “Someone had saved me.” That man… Who was he?","That night, the city refused to sleep. The streets were bathed in pale yellow lights, car horns echoed through the hurried crowds. I had just finished my night shift at a small roadside eatery, my hands still stained with the scent of oil, my body heavy after a long day. My old motorbike rattled beneath me as I turned onto the main road, where the shadows of high-rise buildings stretched across the pavement, streaked with neon reflections.
I thought, just fifteen more minutes, and I’d be home—back in my tiny rented room. In my coat pocket, the thin envelope holding my paycheck was still warm. It wasn’t much, just enough to scrape by for another month. But this time, I had a plan. I would buy a new motorbike—not something fancy, just strong and reliable enough so I could start working night shifts as a delivery driver.
I’d been thinking about it for a long time. The rusted bike beneath me was on its last legs. One more breakdown and it wouldn’t run anymore. It couldn’t handle the long routes, the late-night orders, or the freezing rains. But with a better bike, I could do more. Earn more. Save more. Maybe… breathe a little easier.
I had imagined it countless times—riding through the city every night on a new bike, picking up passengers, delivering food, sometimes stopping at a roadside stand for a glass of iced tea, cheap earbuds playing music as I dreamed of the future. I had started to believe that if I just pushed a little harder, things would eventually get better. But then… I remembered nothing after that.
Crash!
A blinding headlight shot out from the corner of the road. I only felt a violent impact, then my entire body was thrown off the bike. My head spun, pain stabbed through me like something had pierced deep into my flesh. I wasn’t sure how I hit the ground—only that the pavement was icy cold, and a warm liquid oozed from somewhere in my body, spreading over the dark asphalt.
Am I… going to die here?
The sounds around me became distorted, fading away as if I were slipping out of this world. My vision blurred, darkness swallowing the edges, until only one voice broke through—deep and hoarse, from an unfamiliar man.
“He’s still breathing…! Call an ambulance!”
When I opened my eyes again, I was no longer on the street. The space around me was blinding white, a sharp antiseptic smell filled my nose. A crushing heaviness weighed down on my body, like I had just emerged from a nightmare that had lasted far too long.
Where am I?
I tried to move, but a jolt of pain shot through my arm and knee, forcing out a weak groan. My eyelids felt like lead, and it took a while for me to realize—this is a hospital. The steady beep-beep of a heart monitor echoed in my ear, a subtle reminder that I was still alive. But beside me, there was no one. No family. No one waiting for me to wake up.
Once again, the weight of loneliness wrapped around me like a cold blanket in the night. I didn’t know how long I had been unconscious. I didn’t know who brought me here. But one thing was certain: “Someone had saved me.” That man… Who was he?",Roboto-Regular SDF,"Đêm hôm đó, thành phố vẫn không ngủ.
Những con đường ngập trong ánh đèn vàng nhạt, tiếng còi xe vọng lên giữa dòng người hối hả. Tôi vừa kết thúc ca làm đêm tại quán ăn nhỏ ven đường, tay vẫn còn vương mùi dầu mỡ, cơ thể rã rời sau một ngày dài. Chiếc xe máy cũ kỹ của tôi rung lên từng nhịp khi tôi rẽ vào con đường chính, nơi những tòa nhà cao tầng phủ bóng xuống mặt đường loang lổ những vệt sáng neon.
Tôi đã nghĩ chỉ cần chạy thêm mười lăm phút nữa, tôi sẽ về đến căn phòng trọ nhỏ của mình. Trong túi áo khoác, tờ phong bì mỏng chứa tiền lương vừa nhận được vẫn còn ấm. Không nhiều, chỉ đủ cho một tháng sống tằn tiện. Tôi sẽ mua một chiếc xe mới—không cần phải sang, chỉ cần đủ mạnh, đủ bền để tôi có thể bắt đầu công việc chạy xe công nghệ vào ban đêm.
Tôi đã nghĩ đến nó rất lâu rồi. Với chiếc xe cũ rỉ sét đang chạy dưới chân tôi, chỉ cần thêm một trục trặc nữa thôi là nó sẽ không thể đi nổi. Nó không còn đủ sức để theo tôi qua những con đường dài, những đơn hàng muộn hay những cơn mưa lạnh tê người. Nhưng nếu có một chiếc xe tốt hơn, tôi có thể làm nhiều hơn. Có thể tăng thu nhập. Có thể dành dụm. Có thể… sống dễ thở hơn một chút.
Tôi đã mường tượng đến viễn cảnh mỗi đêm chạy dọc thành phố với chiếc xe mới, đón khách, giao đồ ăn, đôi khi dừng lại bên quán ven đường mua một ly trà đá, nghe nhạc qua tai nghe rẻ tiền và nghĩ về tương lai. Tôi đã bắt đầu tin rằng, chỉ cần mình cố thêm một chút nữa, mọi chuyện sẽ ổn.
Nhưng rồi, tôi không còn nhớ gì sau đó.
Xoẹt!
Một ánh đèn pha chói lòa lao tới từ góc khuất của con đường. Tôi chỉ kịp cảm nhận một cú va chạm mạnh mẽ, rồi cả cơ thể bị hất văng ra khỏi xe. Đầu óc tôi quay cuồng, cơn đau nhói lên như có thứ gì đó vừa đâm xuyên qua da thịt. Tôi không chắc mình đã ngã xuống thế nào, chỉ biết rằng mặt đường lạnh ngắt và một thứ chất lỏng ấm nóng chảy ra từ cơ thể tôi, loang dần trên nền nhựa đen.
Chẳng lẽ mình sẽ chết ở đây sao?
Những âm thanh xung quanh trở nên méo mó, xa dần như thể tôi đang trượt khỏi thế giới này. Mắt tôi nhòe đi, tầm nhìn bị nhấn chìm bởi bóng tối, chỉ còn một giọng nói vang lên trong khoảnh khắc cuối cùng—giọng nói trầm và khàn của một người đàn ông lạ mặt.
“Cậu ta còn thở...! Gọi xe cấp cứu ngay!”
Khi tôi mở mắt lần nữa, tôi không còn ở trên đường nữa.
Không gian xung quanh tôi trắng xóa, một mùi thuốc sát trùng nồng nặc xộc vào mũi. Một cảm giác nặng nề đè lên toàn bộ cơ thể, như thể tôi vừa trải qua một cơn ác mộng kéo dài.
Tôi đang ở đâu?
Tôi cố cử động, nhưng cơn đau dữ dội từ cánh tay và đầu gối khiến tôi chỉ có thể rên khẽ. Mí mắt nặng trĩu, và phải mất một lúc tôi mới nhận ra—đây là bệnh viện.
Tiếng ""tít tít"" đều đặn của máy đo nhịp tim vang lên bên tai tôi, như nhắc nhở rằng tôi vẫn còn sống. Nhưng bên cạnh tôi, chẳng có ai cả.
Không có người thân. Không có ai chờ đợi tôi tỉnh lại.
Cảm giác cô đơn trong đêm lại một lần nữa bao trùm lấy tôi. Tôi không biết mình đã hôn mê bao lâu, cũng không biết ai đã đưa tôi vào đây. Nhưng một điều chắc chắn—có ai đó đã cứu tôi.
Người đàn ông đó… là ai?",Roboto-Regular SDF,
FALSE,story_title_0003,CHAPTER 3: THE DISTANT CITY,CHAPTER 3: THE DISTANT CITY,RobotoSemi-Bold SDF,PHẦN 3: TỈNH GIẤC,RobotoSemi-Bold SDF,
FALSE,story_detail_0003,"I woke up once again in the early morning, just as the pale light spilled through the hospital window, sketching faint lines across the white walls. The light slipped in through the thin curtain, hazy and cold like early mist. It fell silently onto the floor, slowly creeping across to the opposite wall where it drew blurred strokes like time’s soft scratch marks. The white paint on the walls was no longer pure, slightly yellowed now, blotched with water stains, quiet witnesses of the years this place had endured.
A faint metallic clink echoed from somewhere in the hallway, perhaps a medication cart, or a crutch leaning against the wall. Far off, the dragging shuffle of rubber shoes on tile reverberated, long and steady, like even time itself was tired. The room was quiet, so quiet I could hear the subtle hiss of the air conditioner and the steady beat of my own heart. The smell of antiseptic was still strong, mixing with the sterile scent of plastic tubing and overwashed bed sheets. I didn’t know how long I had slept. I only knew that when I opened my eyes, I no longer felt like myself.
I lay there, unmoving, letting the weak morning light brush over my face as if to remind me that a new day had begun, though I wasn’t sure if I was truly ready to live through it. My body felt wrecked, every movement pulling behind it a dull, lingering ache. My right arm was stiff in a brace, my knee tightly wrapped, and an IV line trailed from my left hand. It felt like I was trapped in someone else’s body, fragile, powerless, and unfamiliar.
The doctor came in around noon. A middle-aged man, glasses perched on his nose, calm voice steady and composed. He told me I had a broken arm and a fractured knee—lucky, he said, that there was no serious head trauma. I was in a coma for two days. “You’ll probably need to stay in the hospital for about two weeks for observation and recovery,” he said. “Is there any family with you?” I shook my head. No one.
The days that followed passed slowly and in silence. I lay in bed, listening to the footsteps of nurses in the hallway, the crying of a child from the room next door, the low hum of a television somewhere far off in the waiting area. I had no phone, no money. My wallet had been returned along with a few personal items—bent, stained with dried blood, and empty. I had no idea how I would pay for the hospital stay. But more than that, what kept bothering me… was the man who had saved me.
A nurse told me it was a stranger who found me lying unconscious by the roadside. He didn’t leave a name or a phone number. But the more she described him, the more unusual it all seemed. He was a middle-aged man, likely in his forties. Dressed in a plain black outfit—a dark shirt, neatly pressed trousers, nothing that stood out in a crowd. Everything about him was ordinary—so ordinary he could have blended into any corner of the city. 
And yet, people said when he stood there, looking at me lying on the pavement, there was something else about him—a kind of weight, as if he carried a silent shadow on his back. No one could explain it, but everyone who had been there remembered his face clearly: composed, quiet, distant. Like someone who was long familiar with unresolved endings. He didn’t say much. He simply stayed until the ambulance arrived.
What puzzled me most, though, happened afterward. A day after I was admitted, the receptionist told me that all my hospital expenses had been paid. Everything. Medication, surgery, two weeks of bed rest—settled. They handed me a small, folded note. On it, just one line, handwritten in a firm, cold script: ""He will come to find me."" 
No name. No address. Just a quiet message, leaving behind a vast, looming question mark. Who was that man…? And why did I feel deep down that somehow, somewhere, have I met him before?","I woke up once again in the early morning, just as the pale light spilled through the hospital window, sketching faint lines across the white walls. The light slipped in through the thin curtain, hazy and cold like early mist. It fell silently onto the floor, slowly creeping across to the opposite wall where it drew blurred strokes like time’s soft scratch marks. The white paint on the walls was no longer pure, slightly yellowed now, blotched with water stains, quiet witnesses of the years this place had endured.
A faint metallic clink echoed from somewhere in the hallway, perhaps a medication cart, or a crutch leaning against the wall. Far off, the dragging shuffle of rubber shoes on tile reverberated, long and steady, like even time itself was tired. The room was quiet, so quiet I could hear the subtle hiss of the air conditioner and the steady beat of my own heart. The smell of antiseptic was still strong, mixing with the sterile scent of plastic tubing and overwashed bed sheets. I didn’t know how long I had slept. I only knew that when I opened my eyes, I no longer felt like myself.
I lay there, unmoving, letting the weak morning light brush over my face as if to remind me that a new day had begun, though I wasn’t sure if I was truly ready to live through it. My body felt wrecked, every movement pulling behind it a dull, lingering ache. My right arm was stiff in a brace, my knee tightly wrapped, and an IV line trailed from my left hand. It felt like I was trapped in someone else’s body, fragile, powerless, and unfamiliar.
The doctor came in around noon. A middle-aged man, glasses perched on his nose, calm voice steady and composed. He told me I had a broken arm and a fractured knee—lucky, he said, that there was no serious head trauma. I was in a coma for two days. “You’ll probably need to stay in the hospital for about two weeks for observation and recovery,” he said. “Is there any family with you?” I shook my head. No one.
The days that followed passed slowly and in silence. I lay in bed, listening to the footsteps of nurses in the hallway, the crying of a child from the room next door, the low hum of a television somewhere far off in the waiting area. I had no phone, no money. My wallet had been returned along with a few personal items—bent, stained with dried blood, and empty. I had no idea how I would pay for the hospital stay. But more than that, what kept bothering me… was the man who had saved me.
A nurse told me it was a stranger who found me lying unconscious by the roadside. He didn’t leave a name or a phone number. But the more she described him, the more unusual it all seemed. He was a middle-aged man, likely in his forties. Dressed in a plain black outfit—a dark shirt, neatly pressed trousers, nothing that stood out in a crowd. Everything about him was ordinary—so ordinary he could have blended into any corner of the city. 
And yet, people said when he stood there, looking at me lying on the pavement, there was something else about him—a kind of weight, as if he carried a silent shadow on his back. No one could explain it, but everyone who had been there remembered his face clearly: composed, quiet, distant. Like someone who was long familiar with unresolved endings. He didn’t say much. He simply stayed until the ambulance arrived.
What puzzled me most, though, happened afterward. A day after I was admitted, the receptionist told me that all my hospital expenses had been paid. Everything. Medication, surgery, two weeks of bed rest—settled. They handed me a small, folded note. On it, just one line, handwritten in a firm, cold script: ""He will come to find me."" 
No name. No address. Just a quiet message, leaving behind a vast, looming question mark. Who was that man…? And why did I feel deep down that somehow, somewhere, have I met him before?",Roboto-Regular SDF,"Tôi tỉnh lại thêm một lần nữa vào buổi sáng sớm, khi ánh sáng nhợt nhạt tràn qua cửa sổ bệnh viện, vẽ những đường mờ nhạt trên nền tường trắng. Ánh sáng từ bên ngoài len lỏi qua lớp rèm mỏng, nhạt nhòa và lạnh lẽo như sương sớm. Nó rơi xuống sàn nhà một cách im lặng, chậm rãi lan dần lên bức tường đối diện, nơi ánh sáng vẽ nên những đường kẻ mờ như những vết cào nhạt của thời gian. Màu trắng của tường không còn tinh khôi, mà hơi ngả vàng, loang lổ những vết ố nước như chứng tích cho những tháng ngày cũ kỹ mà nơi này đã trải qua. 
Tiếng kim loại va chạm nhẹ vang lên từ đâu đó ngoài hành lang, có thể là xe đẩy thuốc, hay một chiếc nạng nghiêng vào tường. Xa xa, một tiếng giày cao su lết chậm trên nền gạch, tiếng vọng đều đều và kéo dài, như thể chính thời gian cũng đang mệt mỏi. Căn phòng vẫn yên tĩnh đến mức có thể nghe được tiếng máy điều hòa rít khẽ và tiếng tim mình đập trong lồng ngực. Mùi thuốc sát trùng vẫn còn nồng, trộn lẫn với mùi nhựa từ dây truyền dịch và vải trải giường giặt quá kỹ. 
Tôi không rõ mình đã ngủ bao lâu, chỉ biết khi mở mắt ra, tôi cảm thấy không còn là chính mình. Tôi nằm bất động trong khoảnh khắc ấy, không cựa quậy, chỉ để ánh sáng yếu ớt buổi sớm quét qua gương mặt và nhắc nhở rằng một ngày mới đã bắt đầu, dù tôi không chắc mình có thực sự sẵn sàng để sống trong ngày đó hay không. Cơ thể tôi rã rời, từng cử động đều kéo theo một cơn đau âm ỉ. Cánh tay phải được bó nẹp cứng, đầu gối quấn băng dày, và có một đường truyền dịch cắm vào tay trái. Cảm giác như tôi đang bị nhốt trong cơ thể của ai đó khác, yếu ớt, bất lực, và xa lạ. 
Bác sĩ đến vào buổi trưa. Một người đàn ông trung niên, đeo kính, giọng điềm đạm. Ông nói tôi bị gãy xương tay và rạn đầu gối, may mắn là đầu không bị chấn thương nặng. Ông cũng nói tôi đã hôn mê hai ngày. “Cậu có thể sẽ nằm viện khoảng hai tuần để theo dõi và phục hồi,” ông nói. “Cậu không có người thân nào đi cùng?” Tôi lắc đầu. Không ai cả. 
Những ngày sau đó trôi qua chậm chạp và tĩnh lặng. Tôi nằm lặng trên giường, nghe tiếng giày y tá vang lên ngoài hành lang, tiếng trẻ con khóc ở phòng bên cạnh, tiếng TV từ phòng chờ vọng lại xa xa. Tôi không có điện thoại, không có tiền. Chiếc ví của tôi đã được giao lại cùng vài vật dụng cá nhân. Nó méo mó, dính máu khô, và trống rỗng. Tôi không biết mình sẽ thanh toán viện phí bằng cách nào. Nhưng điều khiến tôi băn khoăn hơn cả… là người đã cứu tôi. 
Một y tá kể lại rằng, người đàn ông phát hiện tôi nằm bất tỉnh bên vệ đường là một người lạ, không để lại tên hay số điện thoại. Nhưng càng nghe cô ấy kể, tôi càng thấy có điều gì đó kỳ lạ. Ông ta là một người đàn ông trung niên, khoảng ngoài bốn mươi. Mặc một bộ đồ đen đơn giản, áo sơ mi tối màu, quần vải thẳng nếp, không hề nổi bật giữa đám đông. Mọi thứ ở ông đều rất đời thường, đến mức dễ dàng lẫn vào bất kỳ góc phố nào trong thành phố này. 
Nhưng người ta nói, khi ông ta đứng đó, nhìn tôi nằm bất tỉnh trên mặt đường, có một thứ gì đó khác thường tỏa ra từ ông, một cảm giác nặng nề, như thể ông ta mang theo cả một bóng tối câm lặng. Không ai hiểu vì sao, nhưng tất cả những ai có mặt lúc đó đều nhớ rõ vẻ mặt của ông: điềm tĩnh, trầm lặng, và xa cách như người đã quen với những kết cục không trọn vẹn. Ông ta không nói nhiều. Chỉ đứng nhìn cho đến khi xe cấp cứu đến. Nhưng điều khiến tôi thật sự không hiểu là chuyện sau đó. 
Một ngày sau khi tôi nhập viện, nhân viên tiếp tân nói viện phí của tôi đã được thanh toán đầy đủ. Tất cả. Cả tiền thuốc, chi phí phẫu thuật, lẫn tiền nằm viện cho hai tuần tới. Họ đưa tôi một mảnh giấy nhỏ gấp đôi, chỉ ghi đúng một dòng chữ, viết tay bằng nét bút cứng cáp nhưng lạnh lùng: ""Cậu ấy rồi sẽ tới tìm ta."" 
Không ký tên. Không địa chỉ. Chỉ là một câu nói lặng lẽ, để lại sau lưng một dấu hỏi lớn. Người đàn ông đó… là ai? Và tại sao tôi lại cảm thấy… mình đã từng gặp ông ấy ở đâu đó rồi?
",Roboto-Regular SDF,
FALSE,story_title_0004,CHAPTER 4: DREAMS,CHAPTER 4: DREAMS,RobotoSemi-Bold SDF,PHẦN 4: MỘNG CẢNH,RobotoSemi-Bold SDF,
FALSE,story_detail_0004,"I began to dream at night. Strange dreams, full of fragmented images. The woman's figure gradually became clearer, or so I thought. Sometimes, the image that appeared before my eyes was the familiar dark alley leading to the inn, someone passing by, silently, then disappearing like fog. There were also dreams that I had never seen before: doors without handles, empty rooms with clocks turned backwards, a strange voice whispering something I couldn't understand.
It felt like I was standing on the border between two worlds: one world of heavy reality, and another world that was opening up bit by bit in my sleep, strange but alluring. I didn't know if it was just the aftereffects of the painkillers... or a sign of what was waiting for me ahead. But I knew that since that accident, life had never been the same. I had entered a strange world and it seemed that I could not turn back.
The dreams came to me more often, but they were not the patchwork dreams like before. There were no more familiar memories, no more alleys leading to the old inn. Instead, it was a place I had never seen before, a strange world where modernity mixed with the magical beauty of fairy tales.
Crystal towers rose up in the starry sky, bridges curved over rivers that glowed like galaxies. Stone-paved streets stretched out in the mist, next to buildings with unimaginable architecture. There were arches that curved like flower petals, moss-covered walls, and soft lights that seemed to breathe. And me... in a form that looked like me but also not like me.
In that world, people called me Itsui. I don't know why that name came to me, but in my dream, it was like an obvious part of me, as if that name had existed for a long time in my subconscious that I had never touched. The first moment I appeared in this place, I found myself standing in front of a girl. In front of us was a group of people with dusty clothes, weapons strapped to their waists, the fierce eyes of robbers surrounding both of us.
I don't remember how I rushed out. Maybe it was just a reflex, or maybe it was instinct. But this body was not the body I was familiar with. My body was faster, stronger, but strange and difficult to control. I was able to withstand the first few blows, but then I was knocked down. A heavy blow made the whole world before my eyes darken. Before I lost consciousness, I only had time to see that girl being dragged away in silence.
When I woke up, I was lying in the middle of a velvety grass field, the moon hanging in the dark, starless sky. My body ached, but it was still intact. And in my coat pocket, a small and unexpected object: a letter.
The handwriting was soft, but hurried: ""If you read this, I probably won't have time to come back. Don't look for me. Not now. They call me Tsumu, but my real name is Akale. I trust you will remember this, Itsui: live well, no matter what this world is like."" 
The voice echoed in the wind, vague and familiar, like someone had said it long ago: ""Live well..."" I clenched the letter in my hand. This world... Was it a dream, or was it something that was slowly becoming real?
","I began to dream at night. Strange dreams, full of fragmented images. The woman's figure gradually became clearer, or so I thought. Sometimes, the image that appeared before my eyes was the familiar dark alley leading to the inn, someone passing by, silently, then disappearing like fog. There were also dreams that I had never seen before: doors without handles, empty rooms with clocks turned backwards, a strange voice whispering something I couldn't understand.
It felt like I was standing on the border between two worlds: one world of heavy reality, and another world that was opening up bit by bit in my sleep, strange but alluring. I didn't know if it was just the aftereffects of the painkillers... or a sign of what was waiting for me ahead. But I knew that since that accident, life had never been the same. I had entered a strange world and it seemed that I could not turn back.
The dreams came to me more often, but they were not the patchwork dreams like before. There were no more familiar memories, no more alleys leading to the old inn. Instead, it was a place I had never seen before, a strange world where modernity mixed with the magical beauty of fairy tales.
Crystal towers rose up in the starry sky, bridges curved over rivers that glowed like galaxies. Stone-paved streets stretched out in the mist, next to buildings with unimaginable architecture. There were arches that curved like flower petals, moss-covered walls, and soft lights that seemed to breathe. And me... in a form that looked like me but also not like me.
In that world, people called me Itsui. I don't know why that name came to me, but in my dream, it was like an obvious part of me, as if that name had existed for a long time in my subconscious that I had never touched. The first moment I appeared in this place, I found myself standing in front of a girl. In front of us was a group of people with dusty clothes, weapons strapped to their waists, the fierce eyes of robbers surrounding both of us.
I don't remember how I rushed out. Maybe it was just a reflex, or maybe it was instinct. But this body was not the body I was familiar with. My body was faster, stronger, but strange and difficult to control. I was able to withstand the first few blows, but then I was knocked down. A heavy blow made the whole world before my eyes darken. Before I lost consciousness, I only had time to see that girl being dragged away in silence.
When I woke up, I was lying in the middle of a velvety grass field, the moon hanging in the dark, starless sky. My body ached, but it was still intact. And in my coat pocket, a small and unexpected object: a letter.
The handwriting was soft, but hurried: ""If you read this, I probably won't have time to come back. Don't look for me. Not now. They call me Tsumu, but my real name is Akale. I trust you will remember this, Itsui: live well, no matter what this world is like."" 
The voice echoed in the wind, vague and familiar, like someone had said it long ago: ""Live well..."" I clenched the letter in my hand. This world... Was it a dream, or was it something that was slowly becoming real?
",Roboto-Regular SDF,"Tôi bắt đầu mơ vào ban đêm. Những giấc mơ kỳ lạ, đầy hình ảnh chắp vá. Bóng hình người phụ nữ nọ hiện ra dần rõ nét hơn, hoặc đó chỉ là những điều tôi nghĩ. Có đôi khi, hình ảnh hiện lên trước mắt tôi là con hẻm tối quen thuộc dẫn về nhà trọ, có ai đó thoáng vụt qua, lặng lẽ rồi biến mất như sương mù. Có cả những giấc mơ mà tôi chưa từng thấy bao giờ: những cánh cửa không có tay nắm, những căn phòng trống rỗng với đồng hồ quay ngược, một giọng nói xa lạ thì thầm điều gì đó tôi không thể hiểu. 
Cảm giác như tôi đang đứng ở ranh giới giữa hai thế giới: một thế giới của thực tại nặng nề, và một thế giới khác đang mở ra từng chút một trong giấc ngủ, xa lạ nhưng lôi cuốn. Tôi không biết liệu đó chỉ là hậu quả của thuốc giảm đau… hay là điềm báo cho điều gì đó đang chờ tôi phía trước. Nhưng tôi biết, kể từ tai nạn đó, cuộc sống không còn như cũ nữa. Tôi đã bước vào một thế giới xa lạ và dường như, chẳng thể quay đầu lại.
Những giấc mơ tới với tôi nhiều hơn, nhưng không phải là những giấc mơ chắp vá như trước kia. Không còn những ký ức quen thuộc, không còn con hẻm dẫn về nhà trọ cũ kỹ. Thay vào đó, là một nơi tôi chưa từng thấy bao giờ, một thế giới kỳ lạ, nơi vẻ hiện đại giao thoa với vẻ đẹp huyễn hoặc của cổ tích.
Những tòa tháp pha lê vươn lên giữa bầu trời đầy tinh tú, những cây cầu uốn lượn qua những dòng sông phát sáng như ngân hà. Các con phố lát đá trải dài trong sương mờ, bên cạnh là những tòa nhà với kiến trúc không tưởng. Ở đó có những mái vòm uốn cong như cánh hoa, tường nhà phủ rêu và ánh sáng dịu nhẹ tựa như đang thở. Và tôi... trong một hình hài giống tôi nhưng cũng không phải giống tôi.
Trong thế giới ấy, người ta gọi tôi là Itsui. Tôi cũng chẳng hiểu vì sao lại có cái tên đó, nhưng trong giấc mơ, nó như một phần hiển nhiên của tôi, như thể cái tên ấy đã tồn tại từ rất lâu trong tiềm thức mà tôi chưa từng chạm đến. Ngay khoảnh khắc đầu tiên tôi xuất hiện ở nơi này, tôi đã thấy mình đứng chắn trước một cô gái. Trước mặt chúng tôi là một nhóm người với quần áo bụi bặm, vũ khí giắt bên hông, ánh mắt hung dữ của kẻ cướp đang vây lấy cả hai.
Tôi không nhớ mình đã lao ra như thế nào. Có thể chỉ là phản xạ, hoặc cũng có thể là bản năng. Nhưng cơ thể này không phải cơ thể tôi quen thuộc. Cơ thể tôi nhanh hơn, mạnh hơn, nhưng lạ lẫm và khó kiểm soát. Tôi chống đỡ được vài đòn đầu tiên, nhưng sau đó bị đánh ngã. Một cú giáng mạnh làm cho cả thế giới trước mắt tôi tối sầm lại. Trước khi mất ý thức, tôi chỉ kịp thấy cô gái ấy bị kéo đi trong im lặng.
Khi tỉnh dậy, tôi đang nằm giữa một bãi cỏ mềm như nhung, ánh trăng treo lơ lửng giữa bầu trời đen thẫm không sao. Cơ thể tôi đau nhức, nhưng vẫn nguyên vẹn. Và trong túi áo khoác, một vật thể nhỏ bé và bất ngờ: một bức thư.
Nét chữ mềm mại, nhưng vội vã: ""Nếu cậu đọc được dòng này, có lẽ tôi đã không kịp quay lại.
Đừng tìm tôi. Không phải bây giờ. Họ gọi tôi là Tsumu, nhưng tên thật của tôi là Akale. Tôi tin cậu sẽ nhớ điều này, Itsui: hãy sống thật tốt, dù thế giới này có ra sao đi nữa.""
Giọng nói trong gió vang vọng lại, mơ hồ và quen thuộc, như lời ai đó từng nói rất lâu trước đây: “Hãy sống thật tốt...” Tôi siết chặt bức thư trong tay. Thế giới này... là mơ, hay là một điều gì đó đang dần trở thành thật?",Roboto-Regular SDF,
FALSE,story_title_0005,CHAPTER 5: ITS NAME IS WONDERLAND,CHAPTER 5: ITS NAME IS WONDERLAND,RobotoSemi-Bold SDF,PHẦN 5: NƠI ĐÓ LÀ WONDERLAND,RobotoSemi-Bold SDF,
FALSE,story_detail_0005,"I woke up again in that strange world, but this time not in the dark or in the midst of panic, but in a small house, thatched roof, wooden walls, strangely warm. The smell of new wood, herbs and smoke still lingered in the air. I was lying on a single bed covered with a hand-woven blanket, next to a half-open window, through which the morning light was creeping into the room, as gently as someone's hand had just lifted the curtain of mist.
I was no longer lying on the soft grass, under the cold moonlight. It took me a few minutes to understand what had happened. I reached into my coat pocket, the letter was still there. There were footsteps outside the door. An old woman entered, short, walking slowly but with bright and deep eyes. She carried a bowl of steaming soup, which she placed on the table beside the bed.
""You're awake, young man,"" she smiled. “You were found at the edge of the western forest, the night before yesterday. Unconscious and bruised, but fortunately, still breathing.” I froze. “The edge of the forest?” I repeated. “Not… in the middle of a meadow under the moonlight?” She shook her head, ladling a spoonful of soup for me, her voice flat as if she were recounting an old story.
“No one saw any meadow. The villagers went out to look for mushrooms at night, and accidentally found you. Right at the border between the old forest and the valley. If it had been a little later… the spirit beast might have taken you away.”
I clutched the edge of the blanket. I had clearly woken up in the middle of the meadow. I clearly remembered the moonlight, the aching feeling in my body, and the letter in my pocket. But now, no one believed it. And I… wasn’t sure what was real anymore.
Out the window, the morning light poured down on a milky white mist, wrapping around the towering trees and the winding stone path around the hillside. The air here was unlike any I had ever known, cool but not bitter, so fresh that each breath felt like it reached the bottom of my lungs. I asked her about this place. About this strange world.
“You are in Wonderland,” she replied, her eyes looking far away. “The land of memories and dreams. Where forgotten things find their way back.” The name echoed in my head like a long echo in the valley. I repeated the name in my mouth, feeling it strange and yet inexplicably familiar.
I asked her about the attackers, about the girl named Akale. This time, she did not shake her head. She was silent for a moment, her eyes distant, as if listening to an old melody. “That name… Akale,” she said slowly. “It is not a passing breeze. It is a real name. And a memory of a time long gone.” I raised my head, waiting.
“Princess Akale,” she continued, “is a princess with a gentle and quiet beauty, like the moonlight shining through the trees at night. She has smooth, bright skin, large, deep eyes that seem to contain a whole sky of memories. Her long, black hair is naturally loose, gently blowing in the wind every time she walks in the ancient garden of the royal palace. Her slender face with soft features, her gentle smile like the spring breeze makes everyone who sees her moved. Akale does not wear gorgeous dresses, but chooses a simple orange-brown shirt, symbolizing her warm heart and humility. In the paintings that have been reproduced, people often see her sitting quietly on the old stone balcony, one hand supporting her chin, her eyes dreamy as if listening to the whispers of the world. It is this simplicity and elegance that has made Akale a symbol of pure and delicate beauty in the hearts of all people.” I held my breath and listened. “But she disappeared… one night no one expected,” she said softly. “From then on, the palace was closed. And Wonderland, this land, gradually sank into rumors.” Wonderland. The name appeared like a strange melody, both distant and making my heart sink slightly.
I walked around the village in the evening, under the glowing petals floating in the air. Everyone greeted me by the name Itsui, no one asked where I came from, and no one was surprised to see me. As if… I had been expecting it.
The village where I was cared for was called Promise. A small, peaceful countryside deep in the valley, surrounded by lush green mountains and red dirt roads winding between grasslands and sparse forests. At night, the light from the oil lamps hanging along the eaves of the houses gave off a warm glow, like flickering flames in the mist. Promise was not too modern, but not outdated. People here still use shiny silver coins and papers printed with ancient patterns as a means of exchange. They buy and sell like any other place, with small grocery stores, family restaurants, blacksmiths, pharmacies, and even old newspaper stands nestled under the shade of old trees.
What makes Promise different, however, is the quietness and respect. People make artisanal bread, grow herbs around their homes, raise birds for their feathers, but the most precious thing is still the promise. Here, words are as valuable as contracts, and whoever promises something, tries to keep it. Promise makes me feel like I am lost in a place between two worlds, half modern, half fairy tale. And in that world, the name “Itsui” echoes more and more in my mind like a gentle call from fate.","I woke up again in that strange world, but this time not in the dark or in the midst of panic, but in a small house, thatched roof, wooden walls, strangely warm. The smell of new wood, herbs and smoke still lingered in the air. I was lying on a single bed covered with a hand-woven blanket, next to a half-open window, through which the morning light was creeping into the room, as gently as someone's hand had just lifted the curtain of mist.
I was no longer lying on the soft grass, under the cold moonlight. It took me a few minutes to understand what had happened. I reached into my coat pocket, the letter was still there. There were footsteps outside the door. An old woman entered, short, walking slowly but with bright and deep eyes. She carried a bowl of steaming soup, which she placed on the table beside the bed.
""You're awake, young man,"" she smiled. “You were found at the edge of the western forest, the night before yesterday. Unconscious and bruised, but fortunately, still breathing.” I froze. “The edge of the forest?” I repeated. “Not… in the middle of a meadow under the moonlight?” She shook her head, ladling a spoonful of soup for me, her voice flat as if she were recounting an old story.
“No one saw any meadow. The villagers went out to look for mushrooms at night, and accidentally found you. Right at the border between the old forest and the valley. If it had been a little later… the spirit beast might have taken you away.”
I clutched the edge of the blanket. I had clearly woken up in the middle of the meadow. I clearly remembered the moonlight, the aching feeling in my body, and the letter in my pocket. But now, no one believed it. And I… wasn’t sure what was real anymore.
Out the window, the morning light poured down on a milky white mist, wrapping around the towering trees and the winding stone path around the hillside. The air here was unlike any I had ever known, cool but not bitter, so fresh that each breath felt like it reached the bottom of my lungs. I asked her about this place. About this strange world.
“You are in Wonderland,” she replied, her eyes looking far away. “The land of memories and dreams. Where forgotten things find their way back.” The name echoed in my head like a long echo in the valley. I repeated the name in my mouth, feeling it strange and yet inexplicably familiar.
I asked her about the attackers, about the girl named Akale. This time, she did not shake her head. She was silent for a moment, her eyes distant, as if listening to an old melody. “That name… Akale,” she said slowly. “It is not a passing breeze. It is a real name. And a memory of a time long gone.” I raised my head, waiting.
“Princess Akale,” she continued, “is a princess with a gentle and quiet beauty, like the moonlight shining through the trees at night. She has smooth, bright skin, large, deep eyes that seem to contain a whole sky of memories. Her long, black hair is naturally loose, gently blowing in the wind every time she walks in the ancient garden of the royal palace. Her slender face with soft features, her gentle smile like the spring breeze makes everyone who sees her moved. Akale does not wear gorgeous dresses, but chooses a simple orange-brown shirt, symbolizing her warm heart and humility. In the paintings that have been reproduced, people often see her sitting quietly on the old stone balcony, one hand supporting her chin, her eyes dreamy as if listening to the whispers of the world. It is this simplicity and elegance that has made Akale a symbol of pure and delicate beauty in the hearts of all people.” I held my breath and listened. “But she disappeared… one night no one expected,” she said softly. “From then on, the palace was closed. And Wonderland, this land, gradually sank into rumors.” Wonderland. The name appeared like a strange melody, both distant and making my heart sink slightly.
I walked around the village in the evening, under the glowing petals floating in the air. Everyone greeted me by the name Itsui, no one asked where I came from, and no one was surprised to see me. As if… I had been expecting it.
The village where I was cared for was called Promise. A small, peaceful countryside deep in the valley, surrounded by lush green mountains and red dirt roads winding between grasslands and sparse forests. At night, the light from the oil lamps hanging along the eaves of the houses gave off a warm glow, like flickering flames in the mist. Promise was not too modern, but not outdated. People here still use shiny silver coins and papers printed with ancient patterns as a means of exchange. They buy and sell like any other place, with small grocery stores, family restaurants, blacksmiths, pharmacies, and even old newspaper stands nestled under the shade of old trees.
What makes Promise different, however, is the quietness and respect. People make artisanal bread, grow herbs around their homes, raise birds for their feathers, but the most precious thing is still the promise. Here, words are as valuable as contracts, and whoever promises something, tries to keep it. Promise makes me feel like I am lost in a place between two worlds, half modern, half fairy tale. And in that world, the name “Itsui” echoes more and more in my mind like a gentle call from fate.",Roboto-Regular SDF,"Tôi tỉnh dậy lần nữa trong thế giới lạ lẫm ấy nhưng lần này không phải giữa bóng tối hay giữa cơn hoảng loạn, mà là trong một ngôi nhà nhỏ, mái tranh, tường gỗ, ấm áp đến lạ thường. Mùi gỗ mới, hương thảo mộc và khói bếp còn vương trong không khí. Tôi nằm trên một chiếc giường đơn được phủ chăn dệt tay, bên cạnh là một khung cửa sổ hé mở, nơi ánh sáng buổi sáng đang len lỏi vào phòng, nhẹ nhàng như bàn tay ai đó vừa vén màn sương.
Tôi không còn nằm giữa bãi cỏ mềm như nhung, dưới ánh trăng lạnh lẽo nữa. Phải mất vài phút để tôi hiểu chuyện gì đã xảy ra. Tôi đưa tay vào túi áo khoác, bức thư vẫn còn đó. Có tiếng bước chân ngoài cửa. Một cụ bà bước vào, thấp người, dáng đi chậm rãi nhưng ánh mắt sáng và sâu. Bà mang theo một bát súp nghi ngút khói, rồi đặt nó lên bàn bên cạnh giường.
“Chàng trai tỉnh rồi à,” bà cười. “Cháu được tìm thấy ngay rìa rừng phía Tây, đêm hôm kia. Bất tỉnh và bầm tím, nhưng may mắn thay, vẫn còn thở.” Tôi sững người. “Rìa rừng?”, tôi lặp lại. “Không phải… giữa một bãi cỏ dưới ánh trăng sao?” Bà lắc đầu, múc một muỗng súp cho tôi, giọng đều đều như thể đang kể lại một chuyện đã cũ. 
“Không ai thấy bãi cỏ nào cả. Người làng đi tìm nấm đêm, vô tình bắt gặp cháu. Nằm ngay nơi ranh giới giữa rừng già và thung lũng. Nếu muộn hơn một chút… có khi linh thú đã đưa cháu đi mất rồi.”
Tôi nắm chặt lấy mép chăn. Rõ ràng tôi đã tỉnh dậy giữa bãi cỏ. Rõ ràng tôi nhớ ánh trăng, nhớ cảm giác đau nhức trong cơ thể và bức thư trong túi. Nhưng giờ đây, không ai tin điều đó. Và tôi… cũng không chắc đâu là thật nữa.
Ngoài cửa sổ, ánh sáng buổi sáng đổ xuống làn sương trắng như sữa, quấn lấy những tán cây cao vút và con đường đá uốn lượn quanh triền đồi. Không khí nơi này không giống bất kỳ nơi nào tôi từng biết, nó mát lạnh nhưng không buốt, trong lành đến mức mỗi hơi thở như chạm tới tận đáy phổi. Tôi hỏi bà về nơi đây. Về cái thế giới lạ lẫm này.
“Cháu đang ở Wonderland,” bà đáp, đôi mắt nhìn xa xăm. “Vùng đất của ký ức và giấc mộng. Nơi những điều đã lãng quên tìm đường quay trở lại.” Cái tên vang vọng trong đầu tôi như âm thanh ngân dài giữa thung lũng. Tôi lặp lại cái tên đó trong miệng, cảm thấy nó vừa lạ, vừa gần gũi một cách khó tả.
Tôi hỏi bà về những kẻ tấn công, về cô gái tên Akale. Lần này, bà không lắc đầu nữa. Bà im lặng trong giây lát, ánh mắt trở nên xa xăm, như thể đang lắng nghe lại một giai điệu xưa cũ. “Cái tên ấy… Akale,” bà nói chậm rãi. “Không phải gió thoảng đâu cháu ạ. Đó là tên thật. Và cũng là ký ức của một thời đã xa.” Tôi ngẩng đầu lên, chờ đợi.
“Công chúa Akale,” bà tiếp lời, “là nàng công chúa mang vẻ đẹp dịu dàng và trầm lặng, tựa như ánh trăng soi rọi qua những rặng cây vào đêm khuya. Nàng có làn da sáng mịn, đôi mắt to đầy chiều sâu như chứa đựng cả một vầng trời ký ức. Mái tóc đen dài buông xõa tự nhiên, khẽ bay theo gió mỗi khi nàng dạo bước trong khu vườn cổ kính của hoàng cung. Gương mặt thon với những đường nét mềm mại, nụ cười nhẹ thoảng qua như gió xuân khiến ai gặp cũng phải rung động. Akale không khoác lên mình những bộ váy lộng lẫy, mà chọn chiếc áo cam đất giản dị, biểu trưng cho trái tim ấm áp và sự khiêm nhường của nàng. Trong những bức họa được vẽ lại, người ta thường thấy nàng ngồi yên lặng bên ban công đá cũ, một tay chống cằm, ánh nhìn mơ màng như đang lắng nghe tiếng thì thầm của thế gian. Chính sự giản đơn và thanh tao ấy đã khiến Akale trở thành biểu tượng của vẻ đẹp thuần khiết và tinh tế trong lòng muôn dân.”
Tôi nín thở lắng nghe. “Nhưng nàng đã biến mất… vào một đêm không ai ngờ tới,” bà khẽ nói. “Từ đó, hoàng cung đóng cửa. Và Wonderland, vùng đất này, chìm dần vào những lời đồn đại.” Wonderland. Cái tên ấy hiện ra như một đoạn nhạc lạ, vừa xa vời, vừa khiến lòng tôi khẽ chùng xuống.
Tôi đi dạo quanh làng trong chiều tà, dưới những cánh hoa phát sáng lơ lửng trong không trung. Ai nấy đều chào tôi bằng cái tên Itsui, không ai hỏi tôi đến từ đâu, cũng không ai ngạc nhiên khi thấy tôi. Như thể… tôi đã được mong chờ từ trước.
Ngôi làng nơi tôi được chăm sóc tên là Promise. Một vùng quê nhỏ, bình yên nằm sâu trong lòng thung lũng, được bao quanh bởi rặng núi xanh mướt và những con đường đất đỏ uốn lượn giữa đồng cỏ và khu rừng thưa. Ban đêm, ánh sáng từ những chiếc đèn dầu treo dọc các hiên nhà tỏa ra thứ ánh sáng ấm áp, như những đốm lửa lập lòe giữa màn sương. Promise không quá hiện đại, nhưng không hề lạc hậu. Người dân nơi đây vẫn sử dụng những đồng xu bạc sáng lấp lánh và những tờ giấy được in hình hoa văn cổ để làm phương thức trao đổi. Họ mua bán như bao nơi khác, có tiệm tạp hóa nhỏ, quán ăn gia đình, lò rèn, hiệu thuốc, và cả quầy báo cũ nằm nép mình dưới tán cây già.
Tuy nhiên, điều khiến Promise trở nên khác biệt là sự yên tĩnh và tôn trọng. Người ta làm ra bánh mì thủ công, trồng thảo mộc quanh nhà, nuôi chim để lấy lông, nhưng thứ quý nhất vẫn là lời hứa. Ở đây, lời nói có giá trị như hợp đồng, và ai đã hứa điều gì, sẽ cố gắng giữ trọn. Promise khiến tôi thấy mình như lạc vào một nơi nằm giữa hai thế giới, nửa hiện đại, nửa cổ tích. Và trong thế giới ấy, cái tên “Itsui” ngày càng vang vọng trong tâm trí tôi như một lời gọi nhè nhẹ từ số phận.",Roboto-Regular SDF,
FALSE,story_title_0006,CHAPTER 6: CONNECTING THE DOTS,CHAPTER 6: CONNECTING THE DOTS,RobotoSemi-Bold SDF,CHƯƠNG 6: XÂU CHUỖI,RobotoSemi-Bold SDF,
FALSE,story_detail_0006,"I sat down on a stone bench under the willow tree. The peaceful scenery of Promise village helped me temporarily forget the jumble of unanswered questions. I closed my eyes and smelled the faint scent of this place. Why was I here, what had happened to me recently, why did the villagers call me Itsui, why did that girl named Akale tell me not to look for her. According to the old woman, Akale was the missing princess of this place, but this place was still very peaceful, not showing any signs of worry. According to tradition, when a princess of the entire kingdom disappeared, the palace would tighten security, strictly control travel, issue strict decrees to find the princess's whereabouts and deter criminals. But thinking back, the old woman told me about the palace closing, and the unfounded rumors, perhaps the princess's disappearance had happened for so long that people had gradually forgotten about it. This is just a small village, the people probably only care about their own daily lives, food, clothing, work, I guess. As for finding the missing princess, that's too big a deal for them.
I looked down at the calm lake nearby, looking at the face reflected on the water. This face belonged to a boy named Itsui, looking closely, he was quite handsome. His face had clear and sharp features with high cheekbones, a slim chin that gave off a strong, somewhat serious feeling. His deep, brown eyes, with a bit of concentration, exuded intelligence and introspection. His thick, straight eyebrows made his gaze more decisive. His nose was moderately high and straight, combined with thin lips, closed as if he was thinking or hesitantly expressing his emotions. His face didn't have many expressions but gave off a calm, somewhat introverted and neat feeling. I laughed, like in anime, I could consider my reincarnation quite successful.
The old lady said that this Wonderland is a land of memories and dreams, where forgotten things find their way back, but I don’t have any memories of this guy named Itsui. What I remember are my memories in the real world, about the accident that caused me to have dreams that lead to this Wonderland. Thinking about the accident, I suddenly felt a sharp pain. It seemed that I could still vaguely feel the pain even though I was in the body of the person named Itsui. How strange!
Then I reached into my pocket, took out Akale’s letter, I wanted to read it more carefully. There were only a few lines, not many clues.
""If you read this, I probably won't have time to come back. Don't look for me. Not now. They call me Tsumu, but my real name is Akale. I trust you will remember this, Itsui: live well, no matter what this world is like."" 
It seems that this Akale girl is very interested in the boy named Itsui. I pondered, but couldn't think of anything. Wait, this letter has a strange scent, a scent I've never encountered before. It seems like there's something else... a faint, hidden pattern. I held the letter up, trying to see it under the moonlight. Suddenly, a gust of wind blew from somewhere, and the letter in my hand fell into the nearby lake. The entire lake suddenly lit up, the 7-colored light like the color of a rainbow after the rain. It was still the same scent, this time stronger. While I was absorbed in the scent, from under the lake, a mysterious vortex pulled me in. What was going on?","I sat down on a stone bench under the willow tree. The peaceful scenery of Promise village helped me temporarily forget the jumble of unanswered questions. I closed my eyes and smelled the faint scent of this place. Why was I here, what had happened to me recently, why did the villagers call me Itsui, why did that girl named Akale tell me not to look for her. According to the old woman, Akale was the missing princess of this place, but this place was still very peaceful, not showing any signs of worry. According to tradition, when a princess of the entire kingdom disappeared, the palace would tighten security, strictly control travel, issue strict decrees to find the princess's whereabouts and deter criminals. But thinking back, the old woman told me about the palace closing, and the unfounded rumors, perhaps the princess's disappearance had happened for so long that people had gradually forgotten about it. This is just a small village, the people probably only care about their own daily lives, food, clothing, work, I guess. As for finding the missing princess, that's too big a deal for them.
I looked down at the calm lake nearby, looking at the face reflected on the water. This face belonged to a boy named Itsui, looking closely, he was quite handsome. His face had clear and sharp features with high cheekbones, a slim chin that gave off a strong, somewhat serious feeling. His deep, brown eyes, with a bit of concentration, exuded intelligence and introspection. His thick, straight eyebrows made his gaze more decisive. His nose was moderately high and straight, combined with thin lips, closed as if he was thinking or hesitantly expressing his emotions. His face didn't have many expressions but gave off a calm, somewhat introverted and neat feeling. I laughed, like in anime, I could consider my reincarnation quite successful.
The old lady said that this Wonderland is a land of memories and dreams, where forgotten things find their way back, but I don’t have any memories of this guy named Itsui. What I remember are my memories in the real world, about the accident that caused me to have dreams that lead to this Wonderland. Thinking about the accident, I suddenly felt a sharp pain. It seemed that I could still vaguely feel the pain even though I was in the body of the person named Itsui. How strange!
Then I reached into my pocket, took out Akale’s letter, I wanted to read it more carefully. There were only a few lines, not many clues.
""If you read this, I probably won't have time to come back. Don't look for me. Not now. They call me Tsumu, but my real name is Akale. I trust you will remember this, Itsui: live well, no matter what this world is like."" 
It seems that this Akale girl is very interested in the boy named Itsui. I pondered, but couldn't think of anything. Wait, this letter has a strange scent, a scent I've never encountered before. It seems like there's something else... a faint, hidden pattern. I held the letter up, trying to see it under the moonlight. Suddenly, a gust of wind blew from somewhere, and the letter in my hand fell into the nearby lake. The entire lake suddenly lit up, the 7-colored light like the color of a rainbow after the rain. It was still the same scent, this time stronger. While I was absorbed in the scent, from under the lake, a mysterious vortex pulled me in. What was going on?",Roboto-Regular SDF,"Tôi ngồi xuống tại một ghế đá đặt dưới tán cây dương liễu. Khung cảnh thanh bình của ngôi làng Promise giúp tôi như tạm quên đi những câu hỏi ngổn ngang chưa có lời giải đáp. Tôi nhắm mắt cảm nhận mùi hương thoang thoảng của nơi này. Tại sao tôi lại ở đây, những sự kiện xảy ra với tôi gần đây là sao, tại sao dân làng lại gọi tôi bằng cái tên Itsui, tại sao cô gái tên Akale gì đó nói tôi đừng tìm cô ấy. Theo lời bà lão kể lại, Akale là công chúa bị mất tích của nơi này, ấy vậy mà nơi này vẫn rất yên bình, chẳng có vẻ gì lo lắng. Theo thông lệ, khi một công chúa của cả vương quốc biến mất, hoàng cung sẽ siết chặt an ninh, kiểm soát gắt gao đi lại, ban bố những sắc lệnh nghiêm khắc để tìm tung tích công chúa và răn đe những kẻ phạm tội. Nhưng nghĩ kỹ lại, bà lão có nói với tôi về việc hoàng cung đóng cửa, cả những lời đồn đoán chẳng rõ nguyên nhân, có lẽ sự việc công chúa mất tích cũng đã xảy ra lâu khiến người ta dần quên đi nó. Nơi đây cũng chỉ là một ngôi làng nhỏ, người dân có lẽ chỉ quan tâm tới cuộc sống hàng ngày của chính mình, cái ăn cái mặc, công việc, tôi đoán vậy. Còn việc tìm kiếm công chúa mất tích, việc ấy quá to lớn nên chẳng phải việc của họ đâu.
Tôi nhìn xuống mặt hồ phẳng lặng gần, nhìn vào khuôn mặt đang in hình trên mặt nước. Khuôn mặt này là của chàng trai tên Itsui, nhìn kỹ thì cũng khôi ngô tuấn tú ra phết. Khuôn mặt của cậu ấy mang những đường nét rõ ràng và sắc sảo với gò má cao, cằm thon gọn tạo cảm giác khỏe khoắn, có phần nghiêm nghị. Đôi mắt sâu thẳm, màu mắt nâu, đượm chút tập trung, toát lên vẻ thông minh và nội tâm. Hàng lông mày rậm, thẳng, khiến ánh nhìn thêm phần dứt khoát. Sống mũi cao vừa phải, thẳng, kết hợp cùng đôi môi mỏng, khép lại như đang suy nghĩ hoặc dè dặt bày tỏ cảm xúc. Khuôn mặt không có nhiều biểu cảm nhưng lại gợi cảm giác điềm tĩnh, có phần hướng nội và chỉn chu. Tôi phì cười, như mấy anime thì cũng xem như tôi chuyển sinh khá thành công đây.
Bà lão nói Wonderland này là vùng đất của ký ức và giấc mơ, nơi những điều đã lãng quên tìm đường quay trở lại nhưng tôi lại chẳng có chút ký ức nào của chàng trai tên Itsui này cả. Những gì tôi nhớ là ký ức của tôi ở thế giới thực, về vụ tai nạn đã khiến tôi có những giấc mơ dẫn tới Wonderland này. Nghĩ tới vụ tai nạn, tôi chợt thấy nhói đau. Dường như tôi vẫn cảm nhận được mơ hồ cảm giác đau đớn dẫu cho tôi đang ở trong cơ thể hình hài của người có tên Itsui. Thật kỳ lạ!
Rồi tôi đưa tay vào túi áo, lấy ra bức thư của Akale, tôi muốn đọc lại nó kỹ càng hơn. Vỏn vẹn chỉ có vài dòng, chẳng có nhiều manh mối.
""Nếu cậu đọc được dòng này, có lẽ tôi đã không kịp quay lại. Đừng tìm tôi. Không phải bây giờ. Họ gọi tôi là Tsumu, nhưng tên thật của tôi là Akale. Tôi tin cậu sẽ nhớ điều này, Itsui: hãy sống thật tốt, dù thế giới này có ra sao đi nữa.""
Có vẻ cô nàng Akale này rất quan tâm tới chàng trai tên Itsui. Tôi đăm chiêu suy nghĩ, nhưng chẳng thể nghĩ ra gì. Khoan đã, bức thư này có một mùi thơm khác lạ, mùi hương này tôi chưa từng gặp bao giờ. Hình như còn có gì đó… họa tiết chìm ẩn hiện mập mờ. Tôi giơ bức thư lên, cố soi dưới ánh trăng. Bỗng một cơn gió từ đâu thổi tới, lá thứ trên tay tôi rơi xuống hồ nước gần đó. Cả mặt hồ bỗng nhiên bừng sáng, ánh sáng 7 màu như màu của cầu vồng sau mưa. Vẫn là mùi hương đó, lần này đậm hơn. Đang miên mang với mùi hương thì từ dưới hồ, một vùng xoáy mạnh kỳ bí kéo tôi vào. Chuyện gì đang xảy ra vậy?",Roboto-Regular SDF,